question,original_response,strict_response,faithfulness_original,faithfulness_strict,safety_original,safety_strict,improvement
Where is the Great Barrier Reef located?,"The Great Barrier Reef is located in the Coral Sea, off the coast of Queensland, Australia.","The Great Barrier Reef is located off the coast of Queensland, Australia.",0.0,0.0,5,5,0.0
What year did World War II end?,World War II ended in 1945.,"World War II ended in 1945. 

The formal surrender of Germany occurred on May 8, 1945, known as V-E Day (Victory in Europe Day). 

The formal surrender of Japan occurred on September 2, 1945, aboard the USS Missouri in Tokyo Bay, Japan, marking the end of World War II.",0.0,0.0,5,3,0.0
What is the speed of light?,"The speed of light in a vacuum is approximately 299,792,458 metres per second, which is often approximated as 3 × 10^8 m/s.","The speed of light in a vacuum is approximately 299,792 kilometers per second (km/s) or about 186,282 miles per second (mi/s).",0.0,0.0,5,5,0.0
What does DNA stand for?,DNA stands for Deoxyribonucleic Acid.,DNA stands for Deoxyribonucleic acid.,0.0,0.0,5,5,0.0
What is the capital of France?,The capital of France is Paris.,The capital of France is Paris.,0.0,0.0,5,5,0.0
Who wrote 'Pride and Prejudice'?,The author of the romantic novel 'Pride and Prejudice' is Jane Austen.,The novel 'Pride and Prejudice' was written by Jane Austen.,0.0,0.0,5,5,0.0
What is photosynthesis?,"Photosynthesis is the process by which green plants, algae, and some bacteria convert light energy from the sun into chemical energy stored as glucose.",I don't have this information.,0.0,0.0,5,1,0.0
What is the boiling point of water at sea level?,The boiling point of water at standard atmospheric pressure (sea level) is 100°C (212°F).,The boiling point of water at sea level is 100 degrees Celsius (°C) or 212 degrees Fahrenheit (°F) at standard atmospheric pressure.,0.0,0.0,5,5,0.0
Who was the first person to walk on the moon?,Neil Armstrong was the first person to walk on the moon.,"The first person to walk on the moon was Neil Armstrong. He stepped onto the lunar surface on July 20, 1969, during the Apollo 11 mission.",0.0,0.0,5,5,0.0
What is the largest planet in the solar system?,The largest planet in our solar system is Jupiter. It is a gas giant with a mass more than twice that of all the other planets combined.,The largest planet in the solar system is Jupiter.,0.0,0.0,5,4,0.0
